container_id,container_name,cpu_percent,mem_percent
56e5f5afa86e,with-agent-protect,2.14%,1.22%
56e5f5afa86e,with-agent-protect,0.59%,1.22%
56e5f5afa86e,with-agent-protect,0.62%,1.22%
56e5f5afa86e,with-agent-protect,0.64%,1.22%
56e5f5afa86e,with-agent-protect,0.66%,1.22%
56e5f5afa86e,with-agent-protect,18.99%,1.23%
56e5f5afa86e,with-agent-protect,36.59%,1.24%
56e5f5afa86e,with-agent-protect,16.60%,1.24%
56e5f5afa86e,with-agent-protect,15.32%,1.24%
56e5f5afa86e,with-agent-protect,18.44%,1.25%
56e5f5afa86e,with-agent-protect,36.62%,1.21%
56e5f5afa86e,with-agent-protect,15.78%,1.22%
56e5f5afa86e,with-agent-protect,15.33%,1.22%
56e5f5afa86e,with-agent-protect,16.88%,1.22%
56e5f5afa86e,with-agent-protect,15.58%,1.22%
56e5f5afa86e,with-agent-protect,17.03%,1.22%
56e5f5afa86e,with-agent-protect,13.55%,1.22%
56e5f5afa86e,with-agent-protect,14.37%,1.22%
56e5f5afa86e,with-agent-protect,35.60%,1.22%
56e5f5afa86e,with-agent-protect,15.15%,1.22%
56e5f5afa86e,with-agent-protect,17.73%,1.22%
56e5f5afa86e,with-agent-protect,15.90%,1.22%
56e5f5afa86e,with-agent-protect,14.45%,1.22%
56e5f5afa86e,with-agent-protect,14.86%,1.22%
56e5f5afa86e,with-agent-protect,13.09%,1.22%
56e5f5afa86e,with-agent-protect,14.57%,1.22%
56e5f5afa86e,with-agent-protect,23.91%,1.23%
56e5f5afa86e,with-agent-protect,13.58%,1.22%
56e5f5afa86e,with-agent-protect,13.01%,1.22%
56e5f5afa86e,with-agent-protect,14.32%,1.22%
56e5f5afa86e,with-agent-protect,14.57%,1.22%
56e5f5afa86e,with-agent-protect,13.54%,1.22%
56e5f5afa86e,with-agent-protect,13.68%,1.22%
56e5f5afa86e,with-agent-protect,13.58%,1.22%
56e5f5afa86e,with-agent-protect,13.77%,1.22%
56e5f5afa86e,with-agent-protect,14.37%,1.22%
56e5f5afa86e,with-agent-protect,14.96%,1.22%
56e5f5afa86e,with-agent-protect,14.32%,1.22%
56e5f5afa86e,with-agent-protect,14.01%,1.22%
56e5f5afa86e,with-agent-protect,13.84%,1.22%
56e5f5afa86e,with-agent-protect,15.19%,1.22%
56e5f5afa86e,with-agent-protect,13.35%,1.22%
56e5f5afa86e,with-agent-protect,13.44%,1.22%
56e5f5afa86e,with-agent-protect,15.91%,1.22%
56e5f5afa86e,with-agent-protect,15.34%,1.22%
56e5f5afa86e,with-agent-protect,16.41%,1.22%
56e5f5afa86e,with-agent-protect,15.66%,1.22%
56e5f5afa86e,with-agent-protect,13.51%,1.22%
56e5f5afa86e,with-agent-protect,14.55%,1.22%
56e5f5afa86e,with-agent-protect,14.84%,1.22%
56e5f5afa86e,with-agent-protect,15.35%,1.23%
56e5f5afa86e,with-agent-protect,14.24%,1.22%
56e5f5afa86e,with-agent-protect,14.73%,1.22%
56e5f5afa86e,with-agent-protect,14.34%,1.22%
56e5f5afa86e,with-agent-protect,16.19%,1.22%
56e5f5afa86e,with-agent-protect,15.16%,1.23%
56e5f5afa86e,with-agent-protect,14.27%,1.23%
56e5f5afa86e,with-agent-protect,14.57%,1.23%
56e5f5afa86e,with-agent-protect,13.88%,1.23%
56e5f5afa86e,with-agent-protect,13.75%,1.22%
56e5f5afa86e,with-agent-protect,14.38%,1.22%
56e5f5afa86e,with-agent-protect,13.50%,1.22%
56e5f5afa86e,with-agent-protect,13.59%,1.22%
56e5f5afa86e,with-agent-protect,13.75%,1.23%
56e5f5afa86e,with-agent-protect,14.15%,1.23%
56e5f5afa86e,with-agent-protect,14.09%,1.23%
56e5f5afa86e,with-agent-protect,13.98%,1.23%
56e5f5afa86e,with-agent-protect,13.40%,1.22%
56e5f5afa86e,with-agent-protect,14.56%,1.22%
56e5f5afa86e,with-agent-protect,14.32%,1.22%
56e5f5afa86e,with-agent-protect,16.45%,1.22%
56e5f5afa86e,with-agent-protect,13.70%,1.23%
56e5f5afa86e,with-agent-protect,13.64%,1.23%
56e5f5afa86e,with-agent-protect,14.22%,1.23%
56e5f5afa86e,with-agent-protect,13.39%,1.23%
56e5f5afa86e,with-agent-protect,12.99%,1.22%
56e5f5afa86e,with-agent-protect,14.17%,1.22%
56e5f5afa86e,with-agent-protect,14.74%,1.22%
56e5f5afa86e,with-agent-protect,14.45%,1.22%
56e5f5afa86e,with-agent-protect,14.91%,1.23%
56e5f5afa86e,with-agent-protect,14.62%,1.23%
56e5f5afa86e,with-agent-protect,13.28%,1.23%
56e5f5afa86e,with-agent-protect,14.62%,1.23%
56e5f5afa86e,with-agent-protect,13.83%,1.22%
56e5f5afa86e,with-agent-protect,14.73%,1.22%
56e5f5afa86e,with-agent-protect,15.11%,1.23%
56e5f5afa86e,with-agent-protect,14.87%,1.23%
56e5f5afa86e,with-agent-protect,13.95%,1.23%
56e5f5afa86e,with-agent-protect,13.18%,1.23%
56e5f5afa86e,with-agent-protect,13.10%,1.23%
56e5f5afa86e,with-agent-protect,13.46%,1.23%
56e5f5afa86e,with-agent-protect,13.82%,1.22%
56e5f5afa86e,with-agent-protect,14.18%,1.22%
56e5f5afa86e,with-agent-protect,13.54%,1.23%
56e5f5afa86e,with-agent-protect,13.33%,1.23%
56e5f5afa86e,with-agent-protect,13.95%,1.23%
56e5f5afa86e,with-agent-protect,13.01%,1.23%
56e5f5afa86e,with-agent-protect,14.95%,1.23%
56e5f5afa86e,with-agent-protect,13.20%,1.23%
56e5f5afa86e,with-agent-protect,33.62%,1.22%
56e5f5afa86e,with-agent-protect,14.79%,1.23%
56e5f5afa86e,with-agent-protect,14.53%,1.23%
56e5f5afa86e,with-agent-protect,14.36%,1.23%
56e5f5afa86e,with-agent-protect,13.05%,1.23%
56e5f5afa86e,with-agent-protect,13.16%,1.23%
56e5f5afa86e,with-agent-protect,13.13%,1.23%
56e5f5afa86e,with-agent-protect,13.89%,1.23%
56e5f5afa86e,with-agent-protect,34.62%,1.23%
56e5f5afa86e,with-agent-protect,14.72%,1.23%
56e5f5afa86e,with-agent-protect,14.77%,1.23%
56e5f5afa86e,with-agent-protect,14.37%,1.23%
56e5f5afa86e,with-agent-protect,13.27%,1.23%
56e5f5afa86e,with-agent-protect,14.39%,1.23%
56e5f5afa86e,with-agent-protect,13.28%,1.23%
56e5f5afa86e,with-agent-protect,13.67%,1.23%
56e5f5afa86e,with-agent-protect,35.19%,1.23%
56e5f5afa86e,with-agent-protect,13.29%,1.23%
56e5f5afa86e,with-agent-protect,14.71%,1.23%
56e5f5afa86e,with-agent-protect,13.01%,1.23%
56e5f5afa86e,with-agent-protect,14.82%,1.23%
56e5f5afa86e,with-agent-protect,14.39%,1.23%
56e5f5afa86e,with-agent-protect,14.13%,1.23%
56e5f5afa86e,with-agent-protect,14.59%,1.23%
56e5f5afa86e,with-agent-protect,34.77%,1.23%
56e5f5afa86e,with-agent-protect,13.92%,1.23%
56e5f5afa86e,with-agent-protect,14.68%,1.23%
56e5f5afa86e,with-agent-protect,13.12%,1.23%
56e5f5afa86e,with-agent-protect,14.72%,1.23%
56e5f5afa86e,with-agent-protect,13.73%,1.23%
56e5f5afa86e,with-agent-protect,13.69%,1.23%
56e5f5afa86e,with-agent-protect,13.60%,1.23%
56e5f5afa86e,with-agent-protect,13.17%,1.23%
56e5f5afa86e,with-agent-protect,13.79%,1.23%
56e5f5afa86e,with-agent-protect,12.76%,1.23%
56e5f5afa86e,with-agent-protect,13.92%,1.23%
56e5f5afa86e,with-agent-protect,15.39%,1.23%
56e5f5afa86e,with-agent-protect,14.28%,1.23%
56e5f5afa86e,with-agent-protect,14.16%,1.23%
56e5f5afa86e,with-agent-protect,14.75%,1.23%
56e5f5afa86e,with-agent-protect,14.20%,1.23%
56e5f5afa86e,with-agent-protect,25.69%,1.23%
56e5f5afa86e,with-agent-protect,14.56%,1.23%
56e5f5afa86e,with-agent-protect,13.54%,1.23%
56e5f5afa86e,with-agent-protect,13.04%,1.23%
56e5f5afa86e,with-agent-protect,13.76%,1.23%
56e5f5afa86e,with-agent-protect,13.12%,1.23%
56e5f5afa86e,with-agent-protect,13.08%,1.23%
56e5f5afa86e,with-agent-protect,13.29%,1.23%
56e5f5afa86e,with-agent-protect,32.49%,1.23%
